{"cameraMode":{"drawMode":0,"name":"Shaded","section":"Shading Mode"},"sceneLighting":true,"audioPlay":false,"sceneViewState":{"showFog":true,"showMaterialUpdate":false,"showSkybox":true,"showFlares":true,"showImageEffects":true,"showParticleSystems":true},"in2DMode":false,"pivot":{"x":206.20196533203126,"y":215.59130859375,"z":104.97755432128906},"rotation":{"x":-0.01680709235370159,"y":-0.014400413259863854,"z":0.00024207051319535822,"w":-0.9997561573982239},"size":377.89385986328127,"orthographic":false}