{"cameraMode":{"drawMode":0,"name":"Shaded","section":"Shading Mode"},"sceneLighting":true,"audioPlay":false,"sceneViewState":{"showFog":true,"showMaterialUpdate":false,"showSkybox":true,"showFlares":true,"showImageEffects":true,"showParticleSystems":true},"in2DMode":false,"pivot":{"x":292.8368225097656,"y":245.40841674804688,"z":-12.35552978515625},"rotation":{"x":-0.007809587754309177,"y":-0.005402629729360342,"z":0.000042330477299401537,"w":-0.9999564290046692},"size":276.09930419921877,"orthographic":false}